_id,cuil,nombre,apellido,email,inscripcionId,instanciaId,instanciaSedeId,formularioId,synchronizedToOracle,deleted,estado,createdAt
64caa38c507f112c0e87e141,0000000000001,Carlos01,Muro01,carlosr@epidataconsulting.com,480,460,360,64c29a0adbd7a9004f2e22d2,true,false,true,2023-08-02 14:42:20,
64caa39d507f112c0e87e142,0000000000002,Carlos02,Muro02,carlosr@epidataconsulting.com,480,460,360,64c29a0adbd7a9004f2e22d2,true,false,true,2023-08-02 14:42:38,
64caa3c4507f112c0e87e143,0000000000004,Carlos04,Muro04,carlosr@epidataconsulting.com,480,460,360,64c29a0adbd7a9004f2e22d2,true,false,true,2023-08-02 14:43:16,
64caa3d6507f112c0e87e144,0000000000003,Carlos03,Muro03,carlosr@epidataconsulting.com,480,460,360,64c29a0adbd7a9004f2e22d2,true,false,true,2023-08-02 14:43:34,
64caa3e7507f112c0e87e145,0000000000005,Carlos05,Carlos05,carlosr@epidataconsulting.com,480,460,360,64c29a0adbd7a9004f2e22d2,true,false,true,2023-08-02 14:43:51,
64caa40f507f112c0e87e146,000000000006,Carlos06,Muro06,carlosr@epidataconsulting.com,480,460,360,64c29a0adbd7a9004f2e22d2,true,false,true,2023-08-02 14:44:32,
64caa427507f112c0e87e147,000000000000007,Carlos07,Muro07,carlosr@epidataconsulting.com,480,460,360,64c29a0adbd7a9004f2e22d2,true,false,true,2023-08-02 14:44:56,
64caa436507f112c0e87e148,000000000000008,Carlos08,Muor08,carlosr@epidataconsulting.com,480,460,360,64c29a0adbd7a9004f2e22d2,true,false,true,2023-08-02 14:45:10,
64caa44d507f112c0e87e149,000000000009,Carlos09,Muro09,carlosr@epidataconsulting.com,480,460,360,64c29a0adbd7a9004f2e22d2,true,false,true,2023-08-02 14:45:34,
64caa467507f112c0e87e14a,00000000000010,Carlos10,Muro10,carlosr@epidataconsulting.com,480,460,360,64c29a0adbd7a9004f2e22d2,true,true,true,2023-08-02 14:45:59,
64cbe9f1a5c10777a216108c,26900042,Juan Pablo,Zabala,juanpablozabala21@gmail.com,500,480,380,64c4342a6af10743bd93bfea,true,false,true,2023-54-03 01:54:57,
64cbfb1dd543807bab4b4836,111000111,Gestion01,Inscritos,carlosr@epidataconsulting.com,510,491,391,64c29a0adbd7a9004f2e22d2,true,false,true,2023-08-03 04:08:13,
64cbfb4fd543807bab4b4837,333000333,Gestion02,Inscriptos,carlosr@epidataconsulting.com,509,490,390,64c29a0adbd7a9004f2e22d2,true,false,true,2023-09-03 04:09:03,
64cbfc0fd543807bab4b4838,000000000000007,Carlos07,Muro07,carlosr@epidataconsulting.com,509,490,390,64c29a0adbd7a9004f2e22d2,true,false,true,2023-12-03 04:12:15,
64cbfc52d543807bab4b4839,000000000000007,Carlos07,Muro07,carlosr@epidataconsulting.com,510,491,391,64c29a0adbd7a9004f2e22d2,true,false,true,2023-13-03 04:13:22,
64cbfc72d543807bab4b483a,000000000000007,Carlos07,Muro07,carlosr@epidataconsulting.com,501,481,381,64c29a0adbd7a9004f2e22d2,true,false,true,2023-13-03 04:13:54,
64cbfdc4507f112c0e87e14c,001928377366,CHU,CH,carlosr@epidataconsulting.com,510,491,391,64c29a0adbd7a9004f2e22d2,true,false,true,2023-08-03 15:19:32,
64cbfe1e4b9e3e1150c91dd3,26900042,Juan Pablo,Zabala,juanz@epidataconsulting.com,509,489,389,64c29a0adbd7a9004f2e22d2,true,false,true,2023-21-03 03:21:02,
64cbfe69d543807bab4b483b,26900042,Juan,Zabala,juanz@epidataconsulting.com,510,491,391,64c29a0adbd7a9004f2e22d2,true,false,true,2023-22-03 04:22:17,
64cbfec64b9e3e1150c91dd4,324324234234,Juan,ZAbala,juanz@epidataconsulting.com,510,491,391,64c29a0adbd7a9004f2e22d2,true,false,true,2023-23-03 03:23:50,
64cbffcc8c29691e53c00cde,260204202424,Juan,Zabala,juanz@epidataconsulting.com,509,489,389,64c29a0adbd7a9004f2e22d2,true,false,true,2023-28-03 03:28:12,
64cc006f8c29691e53c00cdf,32352523325,Juan,Zabala,juanz@epidataconsulting.com,509,489,389,64c29a0adbd7a9004f2e22d2,true,false,true,2023-30-03 03:30:55,
64cc00cb8c29691e53c00ce0,32324324234324234,JUAN,ZABALA,juanz@epidataconsulting.com,509,489,389,64c29a0adbd7a9004f2e22d2,true,false,true,2023-32-03 03:32:27,
64cc011b8c29691e53c00ce1,5676457465474,Juan,Zabala,juanz@epidataconsulting.com,509,489,389,64c29a0adbd7a9004f2e22d2,true,false,true,2023-33-03 03:33:47,
64cc01ca1567d1417e76b4e8,546576474564756,Juan Pablo,Zabala,juanz@epidataconsulting.com,509,489,389,64c29a0adbd7a9004f2e22d2,true,false,true,2023-36-03 03:36:42,
64cc02141567d1417e76b4e9,3523453242354,fdsfdsa,safsadsaffsa,juanz@epidataconsulting.com,509,489,389,64c29a0adbd7a9004f2e22d2,true,false,true,2023-37-03 03:37:56,
64cc02e61567d1417e76b4ea,768768765645,Juan,Zabala,juanz@epidataconsulting.com,509,489,389,64c29a0adbd7a9004f2e22d2,true,false,true,2023-41-03 03:41:26,
64cc1378507f112c0e87e14e,010101001,carlos0101,M,carlosr@epidataconsulting.com,525,511,417,64c94a8757e365407076eea0,true,false,true,2023-08-03 16:52:08,
64cc13d3507f112c0e87e14f,020202002,Carlos0202,M,carlosr@epidataconsulting.com,525,511,417,64c94a8757e365407076eea0,true,false,true,2023-08-03 16:53:39,
64cc1406507f112c0e87e150,030303003,Carlos03,M,carlosr@epidataconsulting.com,525,511,417,64c94a8757e365407076eea0,true,false,true,2023-08-03 16:54:30,
64cc1444507f112c0e87e151,040404004,Carlos04,M,carlosr@epidataconsulting.com,525,511,417,64c94a8757e365407076eea0,false,true,true,2023-08-03 16:55:31,124,
64cc1471507f112c0e87e152,05050505005,Carlos05,M,carlosr@epidataconsulting.com,525,511,417,64c94a8757e365407076eea0,true,false,true,2023-08-03 16:56:16,
64cc14c9507f112c0e87e153,060606006,Carlos06,M,carlosr@epidataconsulting.com,525,511,417,64c94a8757e365407076eea0,true,true,true,2023-08-03 16:57:44,
64cc3bc38ca9073091a4e319,778899445566,carlitos,Murito,carlosr@epidataconsulting.com,524,509,415,64c29a0adbd7a9004f2e22d2,true,false,true,2023-44-03 08:44:03,
64ccf0e8507f112c0e87e154,0100001100111011,Carlos0001,M001,carlosr@epidataconsulting.com,525,511,417,64c94a8757e365407076eea0,true,false,true,2023-08-04 08:36:56,
64d14366d4f3ce6271f798ef,8273663282,Carlos,Muro,carlosr@epidataconsulting.com,563,572,546,64c29a0adbd7a9004f2e22d2,true,false,true,2023-08-07 15:17:57,
64d294e75dedd15cabef339f,25327240,Luis,Zambrano,lazm.dev@gmail.com,580,600,620,64c29a0adbd7a9004f2e22d2,true,false,true,2023-08-08 15:17:59,
64d297065dedd15cabef33a1,25327240,Luis,Zambrano,lazm.dev@gmail.com,580,602,626,64c29a0adbd7a9004f2e22d2,true,false,true,2023-08-08 15:27:01,
64d3808ceb7bac4e10916889,253272402,Luis,Zambrano,lazm.dev@gmail.com,580,600,620,64c29a0adbd7a9004f2e22d2,true,false,true,2023-08-09 08:03:23,
64d3b0f5cc907b089da54223,18931939316969,Carlos,Muro,carlosr@epidataconsulting.com,581,602,626,64c29a0adbd7a9004f2e22d2,true,false,true,2023-08-09 11:29:56,
64d3be852786850e29784895,26900042,Juan Pablo,Zabala,juanz@epidataconsulting.com,566,576,556,64c29a0adbd7a9004f2e22d2,true,false,true,2023-27-09 12:27:49,
64d3d6ffbca48c0c8b22bb13,20243784817,daniel1test_nokmbre,daniel1test_apellido,danielbo@epidata.net,562,553,499,64c29a0adbd7a9004f2e22d2,true,false,true,2023-08-09 15:12:15,
64d3d82cbca48c0c8b22bb15,2024378481,daniel2test_nombre,daniel2test_apellido,danielbo@epidata.net,562,552,498,64c29a0adbd7a9004f2e22d2,true,false,true,2023-08-09 15:17:16,
64d502968960db02de91fc1c,000010000,Anibal,Rodriguez,carlosr@epidataconsulting.com,601,623,769,64d4e405bd13af2938b55d0b,true,false,true,2023-08-10 11:30:30,
64d503c78960db02de91fc1d,000020000,Anibal2,Rodriguez,carlosr@epidataconsulting.com,601,623,769,64d4e405bd13af2938b55d0b,true,false,true,2023-08-10 11:35:35,
64d503e98960db02de91fc1e,000030000,Anibal3,Rodriguez,carlosr@epidataconsulting.com,601,623,769,64d4e405bd13af2938b55d0b,true,false,true,2023-08-10 11:36:09,
64d504088960db02de91fc1f,000040000,Anibal4,Rodriguez,carlosr@epidataconsulting.com,601,623,769,64d4e405bd13af2938b55d0b,true,true,true,2023-08-10 11:36:40,
64d5045b8960db02de91fc20,000050000,Anibal,Rodriguez,carlosr@epidataconsulting.com,601,623,769,64d4e405bd13af2938b55d0b,false,true,true,2023-08-10 11:38:03,240,
64d504808960db02de91fc21,000060000,Anibal,Rodriguez,carlosr@epidataconsulting.com,601,623,769,64d4e405bd13af2938b55d0b,true,false,true,2023-08-10 11:38:40,
64d504a68960db02de91fc22,000070000,Anibal7,Rodriguez,carlosr@epidataconsulting.com,601,623,769,64d4e405bd13af2938b55d0b,true,false,true,2023-08-10 11:39:18,
64d5058c8960db02de91fc23,000080000,Anibal8,Rodriguez,carlosr@epidataconsulting.com,601,623,769,64d4e405bd13af2938b55d0b,true,false,true,2023-08-10 11:43:08,
64d505d38960db02de91fc24,000090000,Anibal9,Rodriguez,carlosr@epidataconsulting.com,601,623,769,64d4e405bd13af2938b55d0b,true,false,true,2023-08-10 11:44:19,
64d505f88960db02de91fc25,0000100000,Anibal10,Rodriguez,carlosr@epidataconsulting.com,601,623,769,64d4e405bd13af2938b55d0b,true,false,true,2023-08-10 11:44:56,
64d5078e8960db02de91fc26,0000110000,Anibal11,Rodriguez,carlosr@epidataconsulting.com,601,623,769,64d4e405bd13af2938b55d0b,true,false,true,2023-08-10 11:51:42,
64d53f35483f0c58c3ba92fd,11899366,Carlos,LÃ³pez,carloslo@epidataconsulting.com,603,627,777,64d4fe6ebd13af2938b55d0e,true,false,true,2023-08-10 15:52:43,
64d5475f483f0c58c3ba92ff,2032323525,carlos,muro,mail@mail.com,566,575,550,64c29a0adbd7a9004f2e22d2,true,false,true,2023-08-10 17:23:59,
64d57022483f0c58c3ba9300,232093023023,carlos,muro,juanz@epidataconsulting.com,566,575,550,64c29a0adbd7a9004f2e22d2,true,false,true,2023-08-10 20:17:54,
64d5706e483f0c58c3ba9301,123893829238,Nuevo,Nuevo,map@map.com,566,575,550,64c29a0adbd7a9004f2e22d2,true,false,true,2023-08-10 20:19:10,
64d636f4483f0c58c3ba9302,254354,dafasdf,sdsdf,sgfgdfgds,566,575,550,64c29a0adbd7a9004f2e22d2,true,false,true,2023-08-11 10:26:12,
64d641d13bbe6e659d481dfc,1234567898374636,EVENTO,SOY ,carlosr@epidataconsulting.com,621,643,803,64c29a0adbd7a9004f2e22d2,true,false,true,2023-12-11 11:12:33,
64d642063bbe6e659d481dfd,463463754868762,Evento,Soyel evento,carlosr@epidataconsulting.com,621,643,803,64c29a0adbd7a9004f2e22d2,true,false,true,2023-13-11 11:13:26,
64d6573bc7ef0d1cdb455e31,189391637166,Carlos,Muro,carlosr@epidataconsulting.com,622,645,805,64d4e405bd13af2938b55d0b,true,false,true,2023-08-11 11:43:55,
64d65934c7ef0d1cdb455e33,130992406,Carlos,Muro,carlosr@epidataconsulting.com,624,650,812,64d4e6ccbd13af2938b55d0c,true,true,true,2023-08-11 11:52:20,
64d65a6ec7ef0d1cdb455e34,12344635737357,Carlos CANCELAR,CANCELAR,carlosr@epidataconsulting.com,622,645,805,64d4e405bd13af2938b55d0b,true,true,true,2023-08-11 11:57:34,
64d65aa0c7ef0d1cdb455e35,463465375,Luis,Zambrano,carlosr@epidataconsulting.com,622,645,805,64d4e405bd13af2938b55d0b,true,false,true,2023-08-11 11:58:24,
64d65ab2d73cd122aaa09061,45327648569568576,Gestion,Inscritos,carlosr@epidataconsulting.com,622,645,805,64d4e405bd13af2938b55d0b,true,true,true,2023-58-11 12:58:42,
64d65ac0c7ef0d1cdb455e36,2465347657547,Juan,Zabala,carlosr@epidataconsulting.com,622,645,805,64d4e405bd13af2938b55d0b,true,false,true,2023-08-11 11:58:56,
64d67b04c7ef0d1cdb455e37,2465347657547,afaf,adsfasfd,dsfafsaf,566,575,550,64c29a0adbd7a9004f2e22d2,true,false,true,2023-08-11 15:16:36,
64d67d60c7ef0d1cdb455e39,232323,adfasf,dfasf,juanz@epidataconsulting.com,566,575,551,64c29a0adbd7a9004f2e22d2,true,false,true,2023-08-11 15:26:40,
64d686f4c7ef0d1cdb455e3a,23233,afaffd,adfasdf,asfsaf,566,575,550,64c29a0adbd7a9004f2e22d2,true,false,true,2023-08-11 16:07:32,
64d68715c7ef0d1cdb455e3b,23902023,carlos,muro,muro@muro.com,566,575,550,64c29a0adbd7a9004f2e22d2,true,false,true,2023-08-11 16:08:05,
64d6875ac7ef0d1cdb455e3c,22338932,carlos,muro,mail@mail.com,566,575,550,64c29a0adbd7a9004f2e22d2,true,false,true,2023-08-11 16:09:14,
64d68772c7ef0d1cdb455e3d,220202020,carlos,muro,juan@juan.com,566,575,550,64c29a0adbd7a9004f2e22d2,true,false,true,2023-08-11 16:09:38,
64d69c113b1f31098a68c714,23452525,fgf,dgdsg,carlosr@epidataconsulting.com,625,653,816,64c94a8757e365407076eea0,true,false,true,2023-08-11 16:37:37,
64da56e49e24990667e46daf,25327240,luis,zambrano,lazm.dev@gmail.com,601,623,769,64d4e405bd13af2938b55d0b,true,false,true,2023-08-14 12:31:30,
64da58719e24990667e46db1,25327240,luis,zambrano,lazm.dev@gmail.com,601,623,770,64d4e405bd13af2938b55d0b,true,false,true,2023-08-14 12:38:08,
64da59269e24990667e46db2,253272402,luis2,zambrano,lazm.dev@gmail.com,601,623,770,64d4e405bd13af2938b55d0b,true,false,true,2023-08-14 12:41:09,
64da59a81481f624b83a5e3d,253272403,luis3,Zambrano,lazm.dev@gmail.com,601,623,770,64d4e405bd13af2938b55d0b,true,false,true,2023-08-14 12:43:19,
64da5a27d762fd61ca233061,253272404,luis4,Zambrano,lazm.dev@gmail.com,601,623,770,64d4e405bd13af2938b55d0b,true,false,true,2023-08-14 12:45:26,
64db9b0b855722661d85e2d5,01110,Carlos,Muro,carlosr@epidataconsulting.com,660,680,860,64db9796d6c5556a68f269f5,true,false,true,2023-08-15 11:34:34,
64db9b88855722661d85e2d6,02220,Juan,Zabala,carlosr@epidataconsulting.com,660,680,860,64db9796d6c5556a68f269f5,true,false,true,2023-08-15 11:36:39,
64db9b9e855722661d85e2d7,03330,Luis,Zambrano,carlosr@epidataconsulting.com,660,680,860,64db9796d6c5556a68f269f5,true,false,true,2023-08-15 11:37:02,
64db9bb2855722661d85e2d8,04440,Jhon,Maldonado,carlosr@epidataconsulting.com,660,680,860,64db9796d6c5556a68f269f5,false,true,true,2023-08-15 11:37:22,
64db9be1855722661d85e2d9,05550,Yamilet ,Trujillo,carlosr@epidataconsulting.com,660,680,860,64db9796d6c5556a68f269f5,false,true,true,2023-08-15 11:38:09,320
64db9c13855722661d85e2db,06660,Daniel,Bordon,carlosr@epidataconsulting.com,660,680,861,64db9796d6c5556a68f269f5,true,false,true,2023-08-15 11:38:58,
64db9c38855722661d85e2dc,07770,Alejandro ,Zurita,carlosr@epidataconsulting.com,660,680,861,64db9796d6c5556a68f269f5,true,false,true,2023-08-15 11:39:36,
64db9c67855722661d85e2dd,08880,Carloz,Lopez,carlosr@epidataconsulting.com,660,680,861,64db9796d6c5556a68f269f5,true,false,true,2023-08-15 11:40:23,
64db9c89855722661d85e2de,09990,Mariela,Gonzalez,carlosr@epidataconsulting.com,660,680,861,64db9796d6c5556a68f269f5,true,false,true,2023-08-15 11:40:57,
64db9fa8855722661d85e2df,01010101,Mariano,Salas,carlosr@epidataconsulting.com,660,680,860,64db9796d6c5556a68f269f5,true,false,true,2023-08-15 11:54:16,
64dba061d6c5556a68f269f7,02020202,Alejandra,Rodriguez,carlosr@epidataconsulting.com,661,682,863,64db9796d6c5556a68f269f5,true,false,true,2023-57-15 12:57:21,
64dba098855722661d85e2e1,130992406,Carlos,Muro,carlosr@epidataconsulting.com,662,683,864,64db97e2d6c5556a68f269f6,true,true,true,2023-08-15 11:58:16,
64dba940d6c5556a68f269f8,7134687147818746,SOY,Archivo,carlosr@epidataconsulting.com,661,682,863,64db9796d6c5556a68f269f5,true,false,true,2023-35-15 01:35:12,
64dbb1c9b34c5a6430df94cf,269000042,Juan,Zabala,juanz@epidataconsulting.com,661,684,865,64db9796d6c5556a68f269f5,true,false,true,2023-11-15 01:11:37,
64dbb327b34c5a6430df94d0,241412412124,Juan,Zab,juanz@epidataconsulting.com,661,682,863,64db9796d6c5556a68f269f5,true,false,true,2023-17-15 01:17:27,
64dbb3e0b34c5a6430df94d1,324342324,dsa,ads,juanz@epidataconsulting.com,661,684,865,64db9796d6c5556a68f269f5,true,false,true,2023-20-15 01:20:32,
64dbb539b34c5a6430df94d2,3443243324,sada,saddsa,juanz@epidataconsulting.com,661,684,865,64db9796d6c5556a68f269f5,true,false,true,2023-26-15 01:26:17,
64dbb589b34c5a6430df94d3,435435345435,juan,zzzaa,juanz@epidataconsulting.com,661,684,865,64db9796d6c5556a68f269f5,true,false,true,2023-27-15 01:27:37,
64dbbb13671e77546d1740fd,083748137481983,ARCHIVANDO,ARCHI,carlosr@epidataconsulting.com,661,682,863,64db9796d6c5556a68f269f5,true,false,true,2023-08-15 13:51:13,
64dbbb95671e77546d1740ff,83149612471684681,HOLA,CHAO,carlosr@epidataconsulting.com,661,684,865,64db9796d6c5556a68f269f5,true,false,true,2023-08-15 13:53:24,
64dbbc71d502c65c9234a41b,43087198461962,HOLA 002,Chao002,carlosr@epidataconsulting.com,661,682,863,64db9796d6c5556a68f269f5,true,false,true,2023-57-15 02:57:05,
64dbc09029a262175aa582cb,2424242442,sad,sdasda,juanz@epidataconsulting.com,661,684,865,64db9796d6c5556a68f269f5,true,false,true,2023-14-15 02:14:40,
64dbc163b398fb114396d0eb,32414231234,fafsdasdsda,sadsdasad,juanz@epidataconsulting.com,661,684,865,64db9796d6c5556a68f269f5,true,false,true,2023-18-15 02:18:11,
64dbc56390496d5a87be958e,55353353535,Juan,Zabala,juanz@epidataconsulting.com,661,684,865,64db9796d6c5556a68f269f5,true,false,true,2023-35-15 02:35:15,
64dbcbdb90496d5a87be958f,2690004235,Juan Pablo,Zabala,juanz@epidataconsulting.com,661,684,865,64db9796d6c5556a68f269f5,true,false,true,2023-02-15 03:02:51,
64dbcca590496d5a87be9590,21421451565325,Juan,Zaba,juanz@epidataconsulting.com,661,684,865,64db9796d6c5556a68f269f5,true,false,true,2023-06-15 03:06:13,
64dbcd5e90496d5a87be9591,75474554743543254,Juan,Zabala,juanz@epidataconsulting.com,661,684,865,64db9796d6c5556a68f269f5,true,false,true,2023-09-15 03:09:18,
64dbcf17671e77546d174100,8724971647861244,PROBANDO01,PROBANDO01,carlosr@epidataconsulting.com,661,684,865,64db9796d6c5556a68f269f5,true,false,true,2023-08-15 15:16:38,
64dbcf6008bd951190302e5b,46327635632,PROBANDO02,PROBANDO02,carlosr@epidataconsulting.com,661,682,863,64db9796d6c5556a68f269f5,true,false,true,2023-17-15 04:17:52,
64dbe101671e77546d174102,1110111,TESTING001,TESTING001,carlosr@epidataconsulting.com,663,685,866,64db9796d6c5556a68f269f5,true,false,true,2023-08-15 16:33:04,
64dbe12a671e77546d174103,2220222,TESTING002,TESTING002,carlosr@epidataconsulting.com,663,685,866,64db9796d6c5556a68f269f5,true,false,true,2023-08-15 16:33:46,
64dbe15f671e77546d174104,3330333,TESTING003,TESTING0003,carlosr@epidataconsulting.com,663,685,866,64db9796d6c5556a68f269f5,true,false,true,2023-08-15 16:34:39,
64dbe172671e77546d174105,4440444,TESTING004,TESTING004,carlosr@epidataconsulting.com,663,685,866,64db9796d6c5556a68f269f5,true,false,true,2023-08-15 16:34:58,
64dbe18e671e77546d174106,5550555,TESTING005,TESTING005,carlosr@epidataconsulting.com,663,685,866,64db9796d6c5556a68f269f5,true,false,true,2023-08-15 16:35:26,
64dbe1a5671e77546d174107,6660666,TESTING006,TESTING006,carlosr@epidataconsulting.com,663,685,866,64db9796d6c5556a68f269f5,true,false,true,2023-08-15 16:35:48,
64dbe1bc671e77546d174108,7770777,TESTING007,TESTING007,carlosr@epidataconsulting.com,663,685,866,64db9796d6c5556a68f269f5,true,false,true,2023-08-15 16:36:12,
64dbe1d1671e77546d174109,8880888,TESTING008,TESTING008,,663,685,866,64db9796d6c5556a68f269f5,true,false,false,2023-08-15 16:36:33,
64dbe1ed671e77546d17410a,9990999,TESTING009,TESTING009,carlosr@epidataconsulting.com,663,685,866,64db9796d6c5556a68f269f5,true,false,true,2023-08-15 16:37:01,
64dbe20d671e77546d17410b,11110111,TESTING010,TESTING010,carlosr@epidataconsulting.com,663,685,866,64db9796d6c5556a68f269f5,true,false,true,2023-08-15 16:37:33,
64dbe250671e77546d17410d,111110111,TESTING011,TESTING011,carlosr@epidataconsulting.com,663,686,867,64db9796d6c5556a68f269f5,true,false,true,2023-08-15 16:38:40,
64dbe270671e77546d17410e,1111120111,TESTING012,TESTING012,carlosr@epidataconsulting.com,663,686,867,64db9796d6c5556a68f269f5,true,false,true,2023-08-15 16:39:11,
64dbe290671e77546d17410f,1111301111,TESTING013,TESTINNG013,carlosr@epidataconsulting.com,663,686,867,64db9796d6c5556a68f269f5,true,false,true,2023-08-15 16:39:43,
64dbe2ad671e77546d174110,111140111,TESTING014,TESTING014,carlosr@epidataconsulting.com,663,686,867,64db9796d6c5556a68f269f5,true,false,true,2023-08-15 16:40:12,
64dbe2ce671e77546d174111,111150111,TESTING015,TESTING015,carlosr@epidataconsulting.com,663,686,867,64db9796d6c5556a68f269f5,true,false,true,2023-08-15 16:40:46,
64dbe31e671e77546d174113,7770777,TESTING007,TESTING007,carlosr@epidataconsulting.com,660,681,862,64db9796d6c5556a68f269f5,true,false,true,2023-08-15 16:42:05,
64dbe349671e77546d174114,1111601111,TESTING016,TESTING016,carlosr@epidataconsulting.com,663,686,867,64db9796d6c5556a68f269f5,true,false,true,2023-08-15 16:42:49,
64dbe35d671e77546d174115,111170111,TESTING017,TESTING017,carlosr@epidataconsulting.com,663,686,867,64db9796d6c5556a68f269f5,true,false,true,2023-08-15 16:43:08,
64dbe380671e77546d174116,111180111,TESTING018,TESTING018,carlosr@epidataconsulting.com,663,686,867,64db9796d6c5556a68f269f5,true,false,true,2023-08-15 16:43:44,
64dbe396671e77546d174117,111190111,TESTING019,TESTING019,carlosr@epidataconsulting.com,663,686,867,64db9796d6c5556a68f269f5,true,false,true,2023-08-15 16:44:06,
64dbe3c5671e77546d174118,11120111,TESTING020,TESTING020,carlosr@epidataconsulting.com,663,686,867,64db9796d6c5556a68f269f5,true,false,true,2023-08-15 16:44:52,
64dbe3ea671e77546d174119,111210111,TESTING021,TESTING021,carlosr@epidataconsulting.com,663,686,867,64db9796d6c5556a68f269f5,true,false,true,2023-08-15 16:45:29,
64dbe407671e77546d17411a,11122111,TESTING022,TESTING022,carlosr@epidataconsulting.com,663,686,867,64db9796d6c5556a68f269f5,true,false,true,2023-08-15 16:45:59,
64dbe422671e77546d17411b,11123111,TESTING023,TESTING023,carlosr@epidataconsulting.com,663,686,867,64db9796d6c5556a68f269f5,true,false,true,2023-08-15 16:46:26,
64dbe43f671e77546d17411c,11124111,TESTING024,TESTING024,carlosr@epidataconsulting.com,663,686,867,64db9796d6c5556a68f269f5,true,false,true,2023-08-15 16:46:54,
64dbe43990496d5a87be9592,432432432234324,Juan Pablo,Zabala,juanz@epidataconsulting.com,661,682,863,64db9796d6c5556a68f269f5,true,false,true,2023-46-15 04:46:49,
64dbe45a671e77546d17411d,11125111,TESTING025,TESTING025,carlosr@epidataconsulting.com,663,686,867,64db9796d6c5556a68f269f5,true,false,true,2023-08-15 16:47:22,
64dbe471671e77546d17411e,11126111,TESTING026,TESTING026,carlosr@epidataconsulting.com,663,686,867,64db9796d6c5556a68f269f5,true,false,true,2023-08-15 16:47:44,
64dbe4af671e77546d17411f,11127111,TESTING027,TESTING027,carlosr@epidataconsulting.com,663,686,867,64db9796d6c5556a68f269f5,true,false,true,2023-08-15 16:48:47,
64dbe4c3671e77546d174120,11128111,TESTING028,TESTING028,carlosr@epidataconsulting.com,663,686,867,64db9796d6c5556a68f269f5,true,false,true,2023-08-15 16:49:07,
64dbe4db671e77546d174121,11129111,TESTING029,TESTING029,carlosr@epidataconsulting.com,663,686,867,64db9796d6c5556a68f269f5,true,false,true,2023-08-15 16:49:30,
64dbe4f9671e77546d174122,11130111,TESTING030,TESTING030,carlosr@epidataconsulting.com,663,686,867,64db9796d6c5556a68f269f5,true,false,true,2023-08-15 16:50:01,
64dbe516671e77546d174123,111310111,TESTING031,TESTING031,carlosr@epidataconsulting.com,663,686,867,64db9796d6c5556a68f269f5,true,false,true,2023-08-15 16:50:30,
64dbe52c671e77546d174124,11132111,TESTING032,TESTING032,carlosr@epidataconsulting.com,663,686,867,64db9796d6c5556a68f269f5,true,false,true,2023-08-15 16:50:52,
64dbe54b671e77546d174125,11133111,TESTING033,TESTING033,carlosr@epidataconsulting.com,663,686,867,64db9796d6c5556a68f269f5,true,false,true,2023-08-15 16:51:22,
64dbe565671e77546d174126,11134111,TESTING034,TESTING034,carlosr@epidataconsulting.com,663,686,867,64db9796d6c5556a68f269f5,true,false,true,2023-08-15 16:51:49,
64dbe581671e77546d174127,11135111,TESTING035,TESTING035,carlosr@epidataconsulting.com,663,686,867,64db9796d6c5556a68f269f5,true,false,true,2023-08-15 16:52:17,
64dbe59a671e77546d174128,11136111,TESTING036,TESTING036,carlosr@epidataconsulting.com,663,686,867,64db9796d6c5556a68f269f5,true,false,true,2023-08-15 16:52:42,
64dbe5b890496d5a87be9593,4424242424242424,Juan 01,Zabala 01,juanz@epidataconsulting.com,661,682,863,64db9796d6c5556a68f269f5,true,false,true,2023-53-15 04:53:12,
64dbe5ea671e77546d174129,11137111,TESTING037,TESTING037,carlosr@epidataconsulting.com,663,686,867,64db9796d6c5556a68f269f5,true,false,true,2023-08-15 16:54:02,
64dbe611671e77546d17412a,11138111,TESTING038,TESTING038,carlosr@epidataconsulting.com,663,686,867,64db9796d6c5556a68f269f5,true,false,true,2023-08-15 16:54:41,
64dbe630671e77546d17412b,11139111,TESTING039,TESTING039,carlosr@epidataconsulting.com,663,686,867,64db9796d6c5556a68f269f5,true,false,true,2023-08-15 16:55:11,
64dbe657671e77546d17412c,11140111,TESTING040,TESTING040,carlosr@epidataconsulting.com,663,686,867,64db9796d6c5556a68f269f5,true,false,true,2023-08-15 16:55:50,
64dbe72290496d5a87be9594,241214421,Juan,Zabbb,juanz@epidataconsulting.com,661,682,863,64db9796d6c5556a68f269f5,true,false,true,2023-59-15 04:59:14,
64dbe90090496d5a87be9595,667567657656,Juan ,ZABA,juanz@epidataconsulting.com,661,682,863,64db9796d6c5556a68f269f5,true,false,false,2023-07-15 05:07:12,
64dbe97a90496d5a87be9596,265924294242,Prueba Archivo 2222,Zaba,juanz@epidataconsulting.com,661,682,863,64db9796d6c5556a68f269f5,true,false,true,2023-09-15 05:09:14,
64dbea1b90496d5a87be9597,24242424242424,Prueba archivo,Zaba,juanz@epidataconsulting.com,661,682,863,64db9796d6c5556a68f269f5,true,false,true,2023-11-15 05:11:55,
64dbeb1590496d5a87be9598,12345678,Juan Zabala,asdasd,juanz@epidataconsulting.com,661,682,863,64db9796d6c5556a68f269f5,true,false,true,2023-16-15 05:16:05,
64dbec8a90496d5a87be9599,987654321,Archivo Probando,Zazaa,juanz@epidataconsulting.com,661,682,863,64db9796d6c5556a68f269f5,true,false,true,2023-22-15 05:22:18,
64dbeecb90496d5a87be959a,211298,Juan Pablo,Zabala,juanz@epidataconsulting.com,661,682,863,64db9796d6c5556a68f269f5,true,false,true,2023-31-15 05:31:55,
64dbf0e390496d5a87be959b,2223223223,Juan Zabala,Zabala,juanz@epidataconsulting.com,661,682,863,64db9796d6c5556a68f269f5,true,false,true,2023-40-15 05:40:51,
64dbf18d90496d5a87be959c,123455666788,Prueba definitiva de guardado,23,juanz@epidataconsulting.com,661,682,863,64db9796d6c5556a68f269f5,true,false,true,2023-43-15 05:43:41,
64dcb8d508bd951190302e5c,72635465857372,HOLA001,Hola001,carlosr@epidataconsulting.com,661,682,863,64db9796d6c5556a68f269f5,true,false,true,2023-53-16 08:53:57,
64dcbc77671e77546d17412e,01010101010101,Colon01,Colon01,carlosr@epidataconsulting.com,660,680,880,64db9796d6c5556a68f269f5,true,false,true,2023-08-16 08:09:26,
64dcbc9f671e77546d17412f,834749716134,Colon02,Colon02,carlosr@epidataconsulting.com,660,680,880,64db9796d6c5556a68f269f5,true,false,true,2023-08-16 08:10:06,
64dcc0e5671e77546d174131,35264346734743,TEST ARCHIVO,ARCHIVO,carlosr@epidataconsulting.com,661,684,881,64db9796d6c5556a68f269f5,true,false,true,2023-08-16 08:28:21,
64dcc162671e77546d174132,3254675868684,Test002 aRCHIVO,ARCHIVOOO,carlosr@epidataconsulting.com,661,684,881,64db9796d6c5556a68f269f5,true,false,true,2023-08-16 08:30:23,
64dcd0d9671e77546d174133,87498347198,JUAN,PABLO,carlosr@epidataconsulting.com,660,680,880,64db9796d6c5556a68f269f5,true,false,true,2023-08-16 09:36:22,
64dcd16c08bd951190302e5d,298379763,Carlos,Muro,carlosr@epidataconsulting.com,649,670,841,64c29a0adbd7a9004f2e22d2,true,false,true,2023-38-16 10:38:52,
64dcdab31b24b01ef724bb0b,253272405,luis,zambrano,lazm.dev@gmail.com,661,682,863,64db9796d6c5556a68f269f5,true,false,true,2023-08-16 10:18:26,
64dcdc8789aa853de058b9f4,253272407,luis,zambrano,lazm.dev@gmail.com,661,682,863,64db9796d6c5556a68f269f5,true,false,true,2023-08-16 10:26:14,
64dce2b4a84c526e5aeb319c,253272406,luis,zambrano,lazm.dev@gmail.com,661,682,863,64db9796d6c5556a68f269f5,true,true,true,2023-08-16 10:52:35,
64de40ba3b40b92cfaa90402,3565745275,Usuario 1,10 - 12,carlosr@epidataconsulting.com,680,700,884,64db9796d6c5556a68f269f5,true,false,true,2023-08-17 11:46:01,
64de40e53b40b92cfaa90403,3424523351,Usuario 2,10 - 12,carlosr@epidataconsulting.com,680,700,884,64db9796d6c5556a68f269f5,true,false,true,2023-08-17 11:46:45,
64de41183b40b92cfaa90405,,Usuario 3 ,13 -14,,680,700,885,64db9796d6c5556a68f269f5,true,false,false,2023-08-17 11:47:35,
64de41393b40b92cfaa90406,89657956,Usuario 4,13 - 14,carlosr@epidataconsulting.com,680,700,885,64db9796d6c5556a68f269f5,true,false,true,2023-08-17 11:48:09,
64de41913b40b92cfaa90408,896769,Usuario 5,15 - 16,carlosr@epidataconsulting.com,680,700,886,64db9796d6c5556a68f269f5,true,false,true,2023-08-17 11:49:36,
64de41b03b40b92cfaa90409,96796,Usuario 6,15 -16,carlosr@epidataconsulting.com,680,700,886,64db9796d6c5556a68f269f5,true,false,true,2023-08-17 11:50:07,
64de41ca3b40b92cfaa9040b,5877695,Usuarios 7,18 -19,carlosr@epidataconsulting.com,680,700,887,64db9796d6c5556a68f269f5,true,false,true,2023-08-17 11:50:34,
64e51bbb3b40b92cfaa9040d,112233112233,Carlos ,MURO,carlosr@epidataconsulting.com,720,740,920,64d4e405bd13af2938b55d0b,true,false,true,2023-08-22 16:34:03,
64e51c2a3b40b92cfaa9040e,444555666,Anibal,Rodriguez,carlosr@epidataconsulting.com,720,740,920,64d4e405bd13af2938b55d0b,true,false,true,2023-08-22 16:35:54,
64e60c513b40b92cfaa90410,101010,JHON 001,JHON ,carlosr@epidataconsulting.com,740,760,940,64db9796d6c5556a68f269f5,true,false,true,2023-08-23 09:40:29,
64e60cdd3b40b92cfaa90411,303030,JHON 03,JHON,carlosr@epidataconsulting.com,740,760,940,64db9796d6c5556a68f269f5,true,false,true,2023-08-23 09:42:50,
64e60d773b40b92cfaa90412,202020,JHON 002,JHON 002,carlosr@epidataconsulting.com,740,760,940,64db9796d6c5556a68f269f5,true,false,true,2023-08-23 09:45:27,
64e60e123b40b92cfaa90414,505050,JUANCHO002,juancho,carlosr@epidataconsulting.com,740,761,942,64db9796d6c5556a68f269f5,true,false,true,2023-08-23 09:47:59,
64e60e593b40b92cfaa90415,606060,JUANCHO 003,juancho,carlosr@epidataconsulting.com,740,761,942,64db9796d6c5556a68f269f5,true,false,true,2023-08-23 09:49:13,
64e60ef93b40b92cfaa90416,404040,JUANCHO 001,juancho,carlosr@epidataconsulting.com,740,761,942,64db9796d6c5556a68f269f5,true,false,true,2023-08-23 09:51:52,
64f1e492bc0d445b571e09ff,26900042,Juan Pablo,Zabala,juanz@epidataconsulting.com,800,820,1020,64db9796d6c5556a68f269f5,true,false,true,2023-09-01 09:18:09,
64f1e56feed2a803eaa335a9,3523523253,dffds,dfdfsdf,juanz@epidataconsulting.com,800,820,1020,64db9796d6c5556a68f269f5,true,false,true,2023-09-01 09:21:51,
64f5ff4263d9fb56312d0a02,26235232,Juan Pablo,Zabala,juanz@epidataconsulting.com,820,840,1022,64db9796d6c5556a68f269f5,true,false,true,2023-09-04 12:01:02,
64f600593adac85f26c71684,42142413,Juan Pablo,Zabala,juanz@epidataconsulting.com,820,840,1022,64db9796d6c5556a68f269f5,true,false,true,2023-09-04 12:05:44,
64f600923adac85f26c71685,5235523532,Inscripcion322,SDAASD,juanz@epidataconsulting.com,820,840,1022,64db9796d6c5556a68f269f5,true,false,true,2023-09-04 12:06:42,
64f6165152891366e1c8ea49,12232211121,HOLAAA,CHAOOO,carlosr@epidataconsulting.com,820,841,1024,64db9796d6c5556a68f269f5,true,false,true,2023-09-04 13:39:28,
64f617f652891366e1c8ea4a,269429249,Juan Pablo,Zabala,juanz@epidataconsulting.com,820,840,1022,64db9796d6c5556a68f269f5,true,false,true,2023-09-04 13:45:56,
64f6183952891366e1c8ea4b,269004224,Juan Pablo,Zabala,juanz@epidataconsulting.com,820,840,1022,64db9796d6c5556a68f269f5,true,false,true,2023-09-04 13:47:35,
64f62b5c55985758fc735b42,431523562412132,HOLA1111,CHAO1111,carlosr@epidataconsulting.com,820,841,1024,64db9796d6c5556a68f269f5,true,false,true,2023-09-04 15:09:12,
64f62c5455985758fc735b43,242424,Juan Pablo,Zabala,juanz@epidataconsulting.com,820,840,1022,64db9796d6c5556a68f269f5,true,false,true,2023-09-04 15:13:23,
64f6328055985758fc735b44,2563153215,Juan Pablo,Zabala,juanpablozabala21@gmail.com,820,840,1022,64db9796d6c5556a68f269f5,true,false,true,2023-09-04 15:39:39,
64f6373255985758fc735b45,464546565,Samsung,Iphone,carlosr@epidataconsulting.com,820,841,1024,64db9796d6c5556a68f269f5,true,false,true,2023-09-04 15:59:44,
64f759de55985758fc735b47,123232332,carlos,muro,mail@mail.com,566,575,554,64c29a0adbd7a9004f2e22d2,true,false,true,2023-09-05 13:39:57,
64ff1ccb55985758fc735b49,08237489146,Carlos ,Muro,carlosr@epidataconsulting.com,840,860,1040,64db9796d6c5556a68f269f5,true,false,true,2023-09-11 09:57:31,
6503632343c7e050f16804db,26900042,Juan Pablo,Zabala Conde,juanz@epidataconsulting.com,820,840,1023,64db9796d6c5556a68f269f5,true,false,true,2023-09-14 15:46:42,
6503641943c7e050f16804dd,269900042,Juan P,Zabala,juanz@epidataconsulting.com,861,882,1062,64db9796d6c5556a68f269f5,true,false,true,2023-09-14 15:50:48,
6503643c528504310f20d6b1,130992506,Carlos,Muro,carlosr@epidataconsulting.com,861,882,1063,64db9796d6c5556a68f269f5,true,false,true,2023-09-14 15:51:21,
6503644443c7e050f16804de,26900042,Juan P,Zabala,juanpablozabala21@gmail.com,861,882,1063,64db9796d6c5556a68f269f5,true,false,true,2023-09-14 15:51:32,
6503648c528504310f20d6b3,130992406,Carlos,Muro,carlosr@epidataconsulting.com,861,883,1064,64db9796d6c5556a68f269f5,true,false,true,2023-09-14 15:52:45,
6503652143c7e050f16804df,5344353,sdefsd,dfsdfsdsf,juanz@epidataconsulting.com,861,882,1063,64db9796d6c5556a68f269f5,true,false,true,2023-09-14 15:55:13,
6503660fecc35008f38a31ac,2690004255,Juan Pablox,Zabala,juanz@epidataconsulting.com,861,882,1063,64db9796d6c5556a68f269f5,true,false,true,2023-09-14 15:59:10,
6503672b528504310f20d6b4,130992406,Carlos,Muro,carlosr@epidataconsulting.com,820,841,1024,64db9796d6c5556a68f269f5,true,false,true,2023-09-14 16:03:55,
650368552b757c14cead1ec3,1265165,Juan Zaba,Zab,juanz@epidataconsulting.com,820,840,1022,64db9796d6c5556a68f269f5,true,false,true,2023-09-14 16:08:52,
65036b26528504310f20d6b5,26900042,Juan Zabala,zabala,juanz@epidataconsulting.com,820,840,1022,64db9796d6c5556a68f269f5,true,false,true,2023-09-14 16:20:53,
650371b8c2ccc91a04562572,26512213532,Juan Pablo,Zabalaaa,juanz@epidataconsulting.com,820,840,1022,64db9796d6c5556a68f269f5,true,false,true,2023-09-14 16:48:52,
65037239e88f654b3e97fe6b,3532352325,Juan Pablo,Zabalaaaaaa,juanz@epidataconsulting.com,820,840,1022,64db9796d6c5556a68f269f5,true,false,true,2023-09-14 16:51:04,
650372c0e88f654b3e97fe6c,241234323,Juan Pablo,Zabababablla,juanz@epidataconsulting.com,820,840,1022,64db9796d6c5556a68f269f5,true,false,true,2023-09-14 16:53:20,
65045b4ac2ccc91a04562573,26900042343,Juan Pablo,Zabala,juanz@epidataconsulting.com,820,840,1022,64db9796d6c5556a68f269f5,true,false,true,2023-09-15 09:25:29,
650462fbc2ccc91a04562574,23214225,Juan,Zabala,juanz@epidataconsulting.com,820,840,1022,64db9796d6c5556a68f269f5,true,false,true,2023-09-15 09:58:18,
6504638dc2ccc91a04562575,26329482,Juan,Zabala,juanz@epidataconsulting.com,820,840,1022,64db9796d6c5556a68f269f5,true,false,true,2023-09-15 10:00:45,
65046fb1c2ccc91a04562577,357287528752,Soy QR,Prueba 01,carlosr@epidataconsulting.com,740,762,944,64db9796d6c5556a68f269f5,true,false,true,2023-09-15 10:52:35,
6504724191c64273c7d9df67,564654564564,Soy QR,Prueba 02,carlosr@epidataconsulting.com,740,762,945,64db9796d6c5556a68f269f5,true,false,true,2023-09-15 11:03:29,
6504735991c64273c7d9df69,463363673546,Soy QR,Prueba 03,carlosr@epidataconsulting.com,740,762,946,64db9796d6c5556a68f269f5,true,false,true,2023-09-15 11:08:10,
6504908f91c64273c7d9df6a,3423523525,Soy QR,PRueba 004,carlosr@epidataconsulting.com,861,883,1064,64db9796d6c5556a68f269f5,true,false,true,2023-09-15 13:12:48,
65099d4d91c64273c7d9df6b,101020203030,Tomas ,Martinez,carlosr@epidataconsulting.com,861,882,1063,64db9796d6c5556a68f269f5,true,false,true,2023-09-19 09:08:29,
650b809291c64273c7d9df6c,20154879636,charles,wall,thewall@pinkfloyd.com,861,882,1062,64db9796d6c5556a68f269f5,true,false,true,2023-09-20 20:30:26,
6512394b4e32686b13599556,20446872402,Tomas Ezequiel,Sandoval Bustinza,themessiah1018@gmail.com,920,960,1160,65122bacceb6f06a0a201835,true,false,true,2023-09-25 21:52:08,
651c17304e32686b13599558,445465498651,Carlos,Muro,carlosr@epidataconsulting.com,740,760,941,64db9796d6c5556a68f269f5,true,false,true,2023-10-03 09:29:21,
